
<overviews>
    
	
<all-classes>
		
<description>Documentation for classes includes syntax, usage information, and code samples for methods, properties, and event handlers and listeners for those APIs that belong to a specific class in ActionScript. The classes are listed alphabetically. If you are not sure to which class a certain method or property belongs, you can look it up in the Index.</description>
	</all-classes>
	
<deprecated>
		
<shortDescription>A list of deprecated items and suggested alternatives when available.</shortDescription>
		
<description></description>
	</deprecated>
	

<packages>
<package name="org.si.sion">
<shortDescription>SiON basic modules package</shortDescription><longDescription>SiON basic modules package</longDescription>
</package>
<package name="org.si.sound">
<shortDescription>SiON Sound object package</shortDescription><longDescription>SiON Sound object package</longDescription>
</package>
</packages></overviews>